id,base_pairs
tRNA_tdbR00000328-Enterobacteria_phage_T5-10726-Gln-UUG,"[[2, 73], [3, 72], [4, 71], [5, 70], [6, 69], [7, 68], [10, 21], [11, 20], [33, 43], [51, 67], [52, 66], [53, 65], [54, 64], [55, 63]]"
srp_Pich.guil._GSP-294746,"[[26, 240], [27, 239], [28, 238], [29, 237], [30, 236], [31, 235], [32, 234], [33, 233], [40, 230], [41, 229], [42, 228], [43, 227], [44, 226], [45, 225], [46, 224], [47, 223], [48, 222], [49, 221], [51, 219], [52, 218], [53, 217], [54, 74], [55, 216], [56, 215], [57, 214], [58, 212], [65, 205], [66, 204], [67, 203], [68, 202], [69, 201], [70, 200], [88, 128], [90, 126], [91, 104], [92, 103], [93, 102], [94, 101], [96, 121], [99, 117], [100, 118], [105, 112], [106, 111], [116, 169], [119, 166], [120, 165], [142, 172], [143, 171], [144, 170], [149, 176], [154, 163], [155, 162], [156, 161], [174, 195], [175, 194]]"
tmRNA_Leif.xyli._AE016822_1-394,"[[1, 390], [2, 389], [3, 388], [4, 387], [5, 386], [6, 385], [7, 384], [19, 363], [20, 362], [25, 361], [26, 360], [27, 359], [28, 358], [29, 356], [30, 355], [31, 354], [36, 347], [37, 346], [43, 226], [44, 225], [45, 224], [46, 223], [47, 222], [55, 82], [56, 81], [57, 80], [58, 79], [59, 78], [60, 77], [62, 75], [63, 76], [65, 74], [66, 72], [100, 202], [113, 321], [117, 311], [118, 310], [119, 309], [120, 170], [127, 150], [128, 149], [129, 144], [130, 146], [131, 142], [133, 140], [134, 139], [135, 141], [148, 172], [155, 167], [156, 165], [157, 164], [158, 163], [173, 210], [174, 209], [175, 208], [176, 207], [180, 201], [181, 200], [182, 199], [183, 198], [184, 197], [186, 195], [189, 192], [191, 221], [193, 219], [194, 218], [203, 275], [204, 274], [205, 273], [206, 272], [214, 326], [215, 325], [216, 324], [227, 255], [228, 254], [229, 253], [230, 252], [231, 251], [232, 250], [233, 249], [234, 248], [235, 247], [236, 246], [238, 271], [239, 270], [240, 269], [241, 268], [242, 267], [243, 266], [244, 265], [245, 264], [276, 308], [279, 307], [280, 306], [281, 305], [282, 304], [283, 303], [284, 302], [285, 301], [288, 298], [289, 297], [290, 295], [292, 328], [293, 327], [300, 318], [329, 353], [331, 351], [332, 350], [367, 383], [368, 382], [369, 381], [370, 380], [371, 379]]"
tRNA_tdbR00000030-Aedes_albopictus-7160-Asp-GUC,"[[3, 65], [4, 64], [5, 63], [6, 62], [7, 61], [10, 23], [11, 22], [12, 21], [13, 20], [25, 41], [26, 40], [27, 39], [28, 38], [29, 37], [48, 58], [49, 57], [50, 56]]"
RNaseP_R.americana-mito,"[[1, 312], [2, 311], [3, 310], [4, 309], [5, 308], [6, 307], [7, 306], [8, 305], [9, 304], [10, 303], [13, 258], [14, 257], [15, 256], [16, 255], [17, 254], [18, 253], [19, 252], [25, 29], [37, 301], [39, 299], [40, 298], [41, 297], [42, 296], [46, 293], [47, 292], [61, 79], [62, 78], [63, 77], [64, 76], [65, 75], [66, 74], [67, 73], [68, 71], [72, 96], [80, 89], [81, 88], [82, 87], [86, 137], [90, 133], [91, 132], [92, 131], [94, 129], [97, 194], [98, 193], [99, 192], [100, 191], [101, 187], [102, 186], [103, 126], [104, 125], [107, 208], [113, 141], [114, 140], [115, 139], [116, 138], [118, 136], [119, 135], [120, 134], [156, 183], [158, 181], [159, 180], [160, 179], [161, 178], [162, 177], [163, 176], [164, 175], [165, 174], [166, 173], [195, 225], [196, 224], [197, 223], [203, 214], [204, 213], [205, 212], [206, 211], [231, 234], [241, 251], [242, 250], [243, 249], [260, 284], [262, 283], [263, 282], [264, 281], [265, 280], [266, 279], [267, 278], [268, 277], [269, 276], [270, 275]]"
tRNA_tdbR00000124-Aedes_albopictus-7160-Gly-UCC,"[[1, 66], [2, 65], [3, 64], [4, 63], [5, 62], [6, 61], [7, 60], [8, 59], [11, 24], [12, 23], [13, 22], [14, 21], [25, 41], [26, 40], [27, 39], [28, 38], [29, 37]]"
tmRNA_Carb.hydr._CP000141_1-359,"[[1, 355], [2, 354], [3, 353], [4, 352], [5, 351], [6, 350], [7, 349], [17, 331], [20, 327], [21, 326], [22, 325], [23, 324], [24, 323], [25, 322], [26, 321], [28, 320], [30, 319], [31, 318], [32, 317], [33, 316], [34, 315], [35, 314], [36, 313], [37, 312], [38, 311], [39, 310], [40, 309], [41, 308], [42, 307], [43, 72], [45, 70], [46, 69], [47, 68], [48, 67], [49, 66], [50, 301], [51, 64], [52, 299], [53, 298], [54, 297], [57, 84], [58, 83], [59, 82], [60, 81], [61, 80], [62, 79], [71, 75], [116, 135], [117, 134], [118, 133], [119, 132], [120, 131], [121, 130], [122, 128], [136, 176], [137, 175], [138, 174], [139, 173], [140, 172], [141, 171], [142, 170], [143, 169], [144, 168], [145, 167], [146, 166], [147, 165], [148, 164], [149, 163], [150, 162], [151, 161], [152, 160], [153, 159], [155, 188], [156, 187], [157, 186], [189, 226], [190, 225], [192, 223], [193, 222], [194, 221], [195, 220], [196, 219], [197, 218], [198, 217], [199, 216], [200, 215], [201, 214], [202, 213], [203, 212], [204, 239], [205, 238], [206, 237], [207, 236], [208, 235], [209, 234], [210, 233], [240, 275], [241, 274], [242, 273], [243, 272], [244, 271], [245, 270], [246, 269], [247, 268], [248, 267], [251, 264], [252, 263], [253, 262], [254, 261], [255, 293], [256, 292], [257, 291], [258, 290], [259, 289], [260, 288], [340, 344]]"
tmRNA_Para.symb._BX908798_1-405,"[[1, 401], [2, 400], [3, 399], [4, 398], [5, 397], [6, 396], [7, 395], [11, 195], [12, 194], [13, 193], [14, 192], [15, 191], [16, 190], [17, 189], [21, 69], [26, 224], [27, 223], [28, 222], [29, 221], [30, 220], [33, 360], [34, 359], [35, 358], [36, 357], [37, 356], [38, 355], [39, 354], [40, 353], [41, 352], [42, 348], [43, 347], [44, 346], [45, 345], [46, 344], [47, 67], [48, 66], [49, 65], [50, 64], [51, 63], [53, 81], [54, 80], [55, 79], [56, 78], [57, 77], [58, 76], [59, 75], [60, 74], [61, 95], [62, 94], [101, 147], [102, 146], [104, 114], [105, 113], [106, 112], [107, 111], [110, 277], [115, 144], [116, 143], [117, 142], [118, 141], [119, 140], [120, 139], [121, 138], [122, 137], [125, 135], [126, 134], [127, 133], [128, 132], [136, 171], [148, 162], [153, 175], [154, 174], [156, 173], [157, 172], [159, 170], [160, 169], [161, 168], [176, 206], [178, 204], [179, 203], [180, 219], [181, 218], [182, 217], [183, 216], [184, 215], [185, 214], [186, 197], [187, 196], [241, 265], [242, 264], [244, 263], [245, 262], [246, 261], [247, 260], [248, 259], [252, 286], [253, 285], [254, 284], [255, 283], [256, 282], [258, 281], [276, 280], [290, 324], [291, 323], [292, 322], [293, 321], [294, 320], [295, 319], [296, 318], [300, 343], [301, 342], [302, 341], [303, 340], [306, 339], [307, 338], [308, 337], [309, 336], [310, 335], [311, 334], [312, 333], [314, 331], [316, 329], [317, 328], [332, 349], [378, 392], [379, 391], [380, 390], [381, 389], [382, 388], [383, 387]]"
srp_Clav.lusi._GSP-306902,"[[3, 13], [4, 265], [5, 264], [6, 263], [7, 262], [8, 261], [28, 36], [29, 35], [34, 249], [38, 245], [39, 244], [40, 243], [41, 242], [42, 241], [44, 239], [45, 238], [46, 237], [47, 236], [48, 235], [49, 234], [50, 233], [51, 232], [52, 231], [53, 230], [54, 229], [55, 228], [56, 227], [57, 226], [58, 221], [59, 220], [60, 219], [61, 218], [62, 217], [63, 216], [64, 215], [66, 213], [67, 212], [68, 208], [69, 207], [70, 206], [71, 205], [72, 204], [74, 202], [75, 201], [76, 200], [77, 199], [79, 196], [80, 195], [81, 194], [82, 193], [84, 191], [85, 99], [86, 98], [87, 97], [88, 96], [89, 95], [90, 94], [91, 186], [101, 132], [102, 131], [103, 130], [106, 127], [108, 124], [109, 123], [110, 122], [111, 121], [113, 120], [114, 119], [125, 146], [132, 149], [133, 148], [134, 147], [136, 145], [137, 144], [138, 143], [150, 154], [155, 180], [156, 179], [157, 178], [158, 177], [163, 172], [164, 171], [165, 170], [175, 192], [247, 254], [248, 253]]"
srp_Asco.apis._GSP-392613,"[[2, 12], [4, 10], [5, 9], [11, 251], [14, 20], [48, 64], [50, 62], [51, 61], [52, 60], [53, 59], [63, 230], [65, 225], [66, 224], [67, 223], [68, 222], [69, 221], [71, 219], [72, 218], [73, 217], [74, 216], [76, 211], [77, 210], [78, 209], [79, 208], [80, 207], [81, 205], [82, 204], [83, 203], [85, 200], [86, 199], [87, 198], [88, 197], [89, 144], [91, 194], [92, 193], [93, 192], [95, 138], [96, 137], [97, 136], [98, 135], [99, 134], [101, 133], [102, 132], [103, 131], [104, 130], [106, 125], [109, 124], [110, 123], [111, 122], [112, 121], [113, 120], [114, 119], [115, 118], [139, 143], [153, 171], [154, 161], [170, 186], [172, 213], [173, 212], [174, 182], [175, 181], [178, 206]]"
16s_M.polymorpha_domain2,"[[32, 67], [44, 65], [45, 64], [79, 93], [94, 101], [124, 154], [126, 172], [127, 151], [129, 149], [135, 270], [140, 160], [141, 157], [142, 263], [143, 262], [144, 261], [145, 153], [146, 152], [155, 250], [156, 249], [157, 248], [161, 204], [162, 203], [163, 202], [164, 201], [165, 200], [166, 199], [167, 198], [176, 189], [177, 188], [178, 187], [179, 186], [180, 185], [181, 184], [208, 244], [209, 243], [210, 242], [211, 241], [212, 240], [213, 239], [214, 238], [215, 237], [216, 236], [217, 235], [223, 231], [251, 272], [252, 271], [257, 265], [266, 293], [267, 292], [268, 291], [269, 290], [273, 286], [274, 285], [275, 280], [276, 284], [296, 301], [300, 343], [302, 341], [303, 340], [304, 339], [305, 338], [306, 337], [310, 336], [311, 335], [315, 331], [316, 330], [317, 329], [318, 328], [320, 324]]"
srp_Ashb.goss._AE016819,"[[9, 21], [10, 20], [11, 19], [12, 18], [13, 17], [25, 41], [26, 40], [35, 53], [54, 307], [55, 306], [56, 304], [57, 303], [58, 302], [96, 112], [97, 111], [98, 110], [99, 116], [100, 108], [101, 107], [102, 113], [104, 109], [117, 361], [118, 360], [119, 359], [125, 347], [126, 133], [127, 345], [128, 344], [129, 343], [145, 326], [146, 325], [147, 324], [148, 323], [149, 322], [150, 321], [151, 320], [152, 319], [153, 318], [154, 314], [155, 313], [156, 312], [157, 311], [158, 310], [159, 309], [160, 308], [161, 229], [166, 190], [167, 305], [168, 188], [169, 187], [170, 186], [172, 301], [173, 300], [174, 299], [175, 298], [176, 297], [177, 296], [178, 295], [179, 294], [189, 287], [191, 281], [194, 278], [197, 222], [198, 221], [199, 220], [200, 219], [201, 206], [207, 216], [214, 240], [235, 244], [236, 243], [237, 242], [248, 293], [249, 292], [250, 291], [251, 290], [252, 289], [253, 288], [257, 286], [258, 285], [259, 284], [260, 283], [261, 282], [262, 276], [266, 277], [268, 275], [272, 317], [273, 316], [274, 315], [341, 350], [342, 349], [353, 371], [354, 370], [355, 369], [356, 368], [357, 367], [358, 366]]"
RNaseP_Wolbachia-sp,"[[1, 344], [2, 343], [3, 342], [4, 341], [5, 340], [6, 339], [7, 338], [8, 337], [9, 336], [10, 335], [11, 332], [12, 331], [13, 314], [14, 313], [15, 312], [16, 311], [17, 310], [18, 309], [19, 308], [20, 39], [21, 38], [25, 37], [26, 36], [27, 35], [28, 34], [54, 326], [55, 219], [56, 218], [57, 217], [58, 216], [59, 215], [69, 214], [70, 213], [71, 212], [72, 211], [73, 210], [75, 87], [76, 207], [77, 206], [81, 122], [82, 121], [83, 112], [84, 111], [85, 110], [86, 109], [90, 101], [91, 100], [92, 99], [93, 98], [113, 118], [115, 200], [123, 146], [124, 145], [125, 149], [126, 148], [128, 144], [129, 143], [130, 142], [131, 141], [132, 140], [133, 139], [134, 138], [155, 177], [157, 175], [158, 174], [159, 173], [160, 172], [161, 171], [162, 170], [164, 205], [183, 190], [184, 189], [191, 209], [192, 208], [222, 272], [224, 270], [225, 269], [231, 263], [233, 262], [234, 261], [235, 260], [236, 259], [237, 258], [238, 257], [239, 256], [242, 254], [245, 252], [276, 301], [277, 300], [279, 298], [280, 297], [281, 296], [282, 295], [283, 294], [284, 293], [285, 292], [286, 291]]"
srp_Rhod.balt._BX294144,"[[1, 89], [2, 85], [3, 84], [4, 83], [5, 82], [6, 81], [7, 80], [8, 79], [9, 78], [10, 77], [11, 76], [12, 24], [13, 23], [14, 22], [15, 21], [16, 20], [18, 68], [40, 60]]"
tmRNA_Rumi.albu._TRW-246199_1-354,"[[1, 350], [2, 349], [3, 348], [4, 347], [5, 346], [6, 345], [7, 344], [35, 73], [36, 72], [45, 60], [46, 59], [47, 58], [48, 57], [49, 66], [51, 64], [52, 63], [53, 62], [54, 61], [65, 69], [75, 85], [91, 210], [92, 209], [112, 129], [113, 128], [114, 127], [116, 125], [117, 124], [118, 123], [119, 122], [133, 142], [134, 141], [135, 166], [136, 165], [137, 164], [138, 163], [139, 162], [145, 160], [146, 159], [147, 158], [148, 156], [149, 155], [182, 193], [186, 192], [188, 207], [189, 206], [190, 205], [191, 204], [194, 224], [196, 223], [197, 222], [198, 221], [199, 220], [200, 219], [201, 218], [202, 217], [203, 216], [238, 298], [239, 297], [240, 272], [241, 271], [242, 294], [243, 293], [244, 292], [245, 268], [246, 267], [247, 266], [248, 265], [249, 264], [251, 263], [252, 262], [253, 258], [255, 260], [261, 286], [262, 285], [267, 278], [269, 276], [270, 275], [295, 299], [301, 338], [327, 343], [328, 342], [329, 341], [330, 340], [331, 339]]"
tmRNA_Myco.Bxz1._AY129337_1-437,"[[1, 433], [2, 432], [3, 431], [4, 430], [5, 429], [6, 428], [7, 427], [8, 426], [20, 406], [21, 405], [22, 404], [23, 403], [24, 402], [28, 41], [29, 40], [44, 266], [45, 379], [46, 378], [47, 377], [48, 376], [49, 63], [50, 62], [51, 61], [52, 65], [54, 85], [56, 84], [57, 83], [60, 76], [63, 73], [69, 78], [72, 75], [80, 97], [81, 96], [82, 95], [102, 106], [107, 299], [108, 294], [110, 298], [111, 295], [112, 300], [113, 301], [117, 302], [121, 316], [124, 315], [126, 322], [128, 324], [130, 333], [132, 325], [133, 320], [134, 323], [135, 332], [137, 158], [138, 157], [139, 156], [140, 155], [141, 154], [142, 330], [143, 153], [144, 152], [145, 151], [146, 150], [148, 176], [149, 175], [159, 180], [166, 174], [181, 217], [182, 216], [183, 215], [184, 214], [185, 213], [186, 212], [187, 211], [188, 210], [189, 209], [194, 205], [195, 204], [196, 234], [197, 233], [198, 232], [199, 231], [200, 230], [201, 229], [202, 228], [203, 227], [206, 223], [207, 222], [243, 264], [244, 263], [245, 262], [246, 261], [247, 260], [248, 259], [249, 258], [265, 306], [278, 392], [280, 390], [281, 389], [282, 388], [283, 387], [284, 386], [285, 384], [288, 382], [289, 381], [290, 380], [291, 309], [292, 308], [293, 307], [296, 304], [331, 437], [337, 373], [338, 372], [339, 371], [340, 370], [341, 369], [342, 368], [343, 367], [347, 399], [350, 395], [374, 383], [411, 425], [412, 424], [413, 423], [414, 422]]"
tRNA_tdbR00000167-Aedes_albopictus-7160-Ile-GAU,"[[1, 68], [2, 67], [3, 66], [4, 65], [5, 64], [6, 63], [7, 62], [10, 22], [11, 21], [12, 20], [24, 40], [25, 39], [26, 38], [27, 37], [28, 36], [29, 35], [46, 61], [47, 60], [48, 59], [49, 58]]"
telomerase_AF221913.109-520,"[[5, 9], [16, 161], [19, 158], [20, 25], [36, 52], [40, 47], [41, 46], [48, 66], [49, 65], [50, 64], [51, 63], [56, 60], [76, 110], [77, 109], [78, 108], [79, 107], [80, 106], [81, 105], [82, 104], [83, 103], [84, 102], [92, 149], [93, 148], [94, 147], [95, 146], [96, 145], [97, 144], [98, 143], [101, 298], [111, 314], [112, 315], [113, 308], [115, 310], [116, 162], [118, 160], [119, 159], [123, 309], [125, 313], [127, 311], [128, 151], [129, 150], [130, 187], [131, 186], [132, 185], [133, 280], [135, 181], [152, 193], [153, 192], [154, 191], [155, 190], [156, 189], [157, 188], [168, 335], [169, 334], [173, 331], [174, 330], [175, 329], [176, 328], [177, 327], [178, 326], [179, 325], [180, 324], [182, 317], [183, 316], [194, 304], [195, 303], [196, 302], [197, 301], [202, 292], [203, 291], [204, 290], [206, 288], [207, 287], [208, 286], [209, 285], [210, 284], [211, 283], [226, 256], [227, 255], [228, 254], [229, 320], [230, 253], [231, 252], [232, 251], [233, 250], [238, 245], [258, 274], [260, 272], [261, 271], [262, 270], [263, 269], [341, 360], [343, 357], [344, 356], [345, 355], [346, 354], [347, 353], [348, 352], [350, 402], [351, 401], [354, 398], [361, 397], [362, 396], [363, 395], [367, 391], [369, 384], [374, 404], [375, 403], [378, 400], [380, 394], [381, 393], [382, 392], [407, 411]]"
tmRNA_Dich.nodo._TRW-35819_1-352,"[[1, 348], [2, 347], [3, 346], [4, 345], [5, 344], [6, 343], [7, 342], [19, 69], [21, 67], [22, 66], [25, 64], [26, 63], [27, 62], [28, 61], [29, 35], [30, 34], [36, 305], [37, 52], [38, 49], [40, 303], [41, 302], [42, 298], [43, 297], [44, 296], [45, 295], [46, 294], [47, 293], [48, 292], [51, 65], [54, 68], [55, 80], [56, 79], [59, 76], [60, 75], [73, 183], [89, 108], [90, 107], [91, 106], [92, 105], [93, 104], [109, 202], [110, 201], [111, 200], [116, 133], [117, 132], [118, 189], [119, 130], [120, 129], [122, 179], [123, 178], [124, 177], [125, 176], [126, 175], [131, 171], [134, 168], [135, 173], [136, 166], [137, 165], [138, 170], [139, 169], [141, 160], [142, 159], [143, 158], [144, 157], [145, 156], [151, 180], [172, 188], [185, 218], [189, 217], [190, 216], [191, 215], [192, 214], [193, 213], [194, 212], [195, 211], [196, 210], [197, 209], [198, 208], [199, 206], [222, 226], [223, 277], [224, 276], [228, 233], [229, 232], [234, 269], [235, 268], [236, 267], [237, 266], [238, 265], [239, 264], [240, 263], [241, 262], [242, 261], [245, 258], [246, 257], [247, 256], [249, 254], [282, 300], [326, 341], [327, 339], [328, 338], [329, 337], [330, 335]]"
tmRNA_Meso.flor._AE017263_1-408,"[[1, 404], [2, 403], [3, 402], [4, 401], [5, 400], [6, 399], [7, 398], [8, 24], [9, 23], [10, 22], [11, 21], [14, 18], [20, 377], [24, 373], [25, 372], [26, 371], [27, 370], [28, 369], [31, 368], [32, 366], [33, 365], [34, 364], [35, 363], [36, 362], [37, 361], [38, 360], [39, 359], [40, 358], [41, 356], [43, 352], [44, 351], [45, 350], [46, 349], [47, 348], [48, 65], [50, 63], [51, 62], [52, 61], [53, 60], [54, 236], [55, 235], [56, 234], [75, 84], [76, 83], [77, 82], [105, 294], [107, 293], [108, 193], [109, 192], [110, 191], [111, 190], [112, 189], [113, 188], [116, 217], [117, 215], [118, 142], [119, 141], [120, 140], [121, 139], [122, 210], [123, 137], [124, 136], [125, 135], [126, 134], [127, 133], [128, 132], [130, 172], [138, 146], [152, 165], [153, 164], [155, 162], [156, 161], [157, 257], [158, 256], [164, 185], [166, 184], [167, 183], [168, 182], [169, 181], [170, 180], [171, 178], [173, 177], [186, 203], [187, 202], [211, 244], [212, 243], [213, 242], [214, 241], [215, 240], [216, 239], [218, 233], [219, 232], [220, 231], [221, 229], [222, 228], [223, 227], [246, 276], [247, 274], [249, 273], [250, 272], [251, 271], [252, 270], [253, 269], [254, 268], [255, 267], [258, 289], [259, 288], [260, 287], [261, 286], [262, 285], [263, 284], [264, 283], [291, 329], [292, 328], [295, 325], [296, 324], [297, 323], [298, 322], [300, 320], [301, 319], [305, 347], [306, 346], [308, 344], [309, 343], [310, 342], [311, 341], [312, 340], [313, 339], [314, 338], [315, 337], [316, 336], [318, 335], [321, 333], [322, 332], [381, 397], [382, 396], [383, 395], [384, 394], [385, 393]]"
srp_Batr.dend._GSP-403673,"[[10, 23], [11, 22], [82, 95], [83, 94], [84, 93], [85, 92], [86, 91], [88, 109], [105, 133], [106, 132], [114, 124], [115, 123], [116, 122], [117, 143], [118, 142], [126, 138], [127, 137], [128, 136], [129, 135], [130, 134], [139, 175], [140, 174], [141, 173], [144, 170], [145, 169], [146, 168], [147, 167], [148, 166], [149, 165], [150, 164], [151, 198], [152, 163], [153, 162], [154, 161], [155, 160], [177, 181], [202, 211], [203, 210], [204, 209], [213, 256], [214, 254], [215, 253], [216, 252], [217, 251], [219, 249], [223, 245], [224, 244], [225, 243], [226, 242], [227, 239], [228, 238], [229, 237], [230, 236], [231, 235], [261, 292], [262, 291], [263, 267], [265, 290], [270, 288], [271, 287], [272, 286], [273, 285], [274, 284], [275, 283], [277, 281]]"
RNaseP_Z.bailii,"[[6, 197], [7, 196], [8, 195], [9, 194], [13, 141], [14, 140], [30, 44], [31, 43], [32, 42], [33, 41], [34, 40], [53, 66], [54, 65], [55, 64], [56, 63], [57, 62], [67, 82], [68, 81], [69, 80], [70, 79], [71, 78], [72, 77], [89, 138], [90, 137], [91, 136], [92, 135], [93, 134], [94, 133], [95, 132], [96, 131], [105, 167], [106, 166], [107, 165], [108, 164], [109, 163], [110, 121], [111, 120], [112, 119], [122, 148], [123, 147], [124, 146], [125, 145], [126, 144], [127, 143], [128, 142], [151, 177], [153, 174], [154, 173], [155, 172], [158, 171], [159, 170], [160, 169], [161, 168], [188, 200]]"
RNaseP_LGB5,"[[6, 297], [7, 296], [8, 295], [10, 294], [11, 293], [12, 292], [13, 291], [14, 290], [15, 182], [16, 181], [17, 180], [18, 179], [22, 214], [23, 213], [24, 212], [27, 178], [28, 177], [29, 176], [30, 175], [31, 174], [32, 173], [34, 44], [35, 43], [36, 42], [37, 41], [46, 67], [47, 65], [48, 64], [49, 63], [50, 62], [51, 61], [52, 60], [53, 59], [54, 287], [55, 286], [57, 285], [68, 172], [72, 171], [73, 170], [74, 167], [75, 166], [76, 165], [77, 164], [85, 121], [90, 112], [92, 110], [93, 109], [94, 108], [95, 107], [96, 106], [97, 105], [98, 104], [113, 279], [114, 278], [122, 140], [123, 139], [124, 138], [125, 137], [126, 136], [127, 135], [141, 163], [142, 162], [143, 161], [144, 159], [145, 158], [146, 157], [147, 156], [148, 155], [149, 154], [186, 235], [187, 234], [188, 233], [189, 230], [242, 260], [243, 259], [245, 258], [246, 257], [247, 256], [248, 255], [249, 254]]"
16s_C.reinhardtii.mito_domain1,"[[9, 41], [10, 40], [11, 39], [13, 37], [14, 36], [15, 279], [17, 33], [18, 276], [19, 275], [20, 274], [26, 171], [27, 170], [28, 169], [32, 313], [34, 311], [35, 310], [36, 309], [38, 307], [60, 76], [61, 75], [62, 66], [63, 72], [64, 71], [65, 70], [83, 95], [84, 94], [85, 93], [86, 92], [87, 91], [96, 154], [97, 153], [98, 152], [99, 151], [100, 150], [121, 148], [123, 146], [125, 144], [126, 143], [127, 142], [128, 141], [130, 140], [131, 139], [132, 138], [145, 155], [156, 168], [157, 167], [160, 211], [172, 277], [173, 200], [174, 199], [175, 198], [176, 197], [177, 196], [178, 195], [179, 194], [180, 193], [184, 189], [201, 237], [202, 236], [203, 235], [204, 234], [205, 233], [206, 232], [214, 230], [218, 231], [219, 224], [242, 284], [243, 283], [244, 282], [245, 281], [246, 280], [247, 252], [248, 278], [251, 267], [262, 273], [263, 272], [264, 271], [265, 270], [285, 295], [287, 320], [289, 319], [290, 318], [291, 317], [292, 316], [293, 315], [294, 314], [298, 312], [302, 306], [308, 347], [329, 340], [330, 339], [331, 338], [333, 337]]"
tmRNA_Magn.spec._CP000471_1-366,"[[1, 362], [2, 361], [3, 360], [4, 359], [5, 358], [6, 357], [7, 356], [20, 335], [21, 334], [22, 333], [23, 332], [24, 331], [25, 330], [26, 329], [27, 328], [28, 327], [33, 321], [34, 320], [46, 304], [47, 303], [56, 67], [57, 66], [58, 65], [59, 64], [60, 69], [61, 68], [70, 260], [71, 259], [72, 258], [73, 257], [74, 178], [78, 173], [79, 172], [80, 129], [84, 92], [85, 298], [86, 297], [87, 296], [88, 295], [89, 294], [91, 292], [93, 208], [98, 137], [105, 126], [106, 148], [107, 147], [108, 146], [109, 145], [111, 144], [112, 143], [113, 142], [114, 189], [116, 138], [117, 139], [118, 136], [119, 135], [120, 134], [121, 133], [122, 132], [123, 131], [124, 130], [149, 348], [150, 347], [152, 169], [153, 345], [154, 344], [163, 194], [164, 193], [165, 192], [166, 191], [171, 187], [175, 183], [176, 190], [177, 181], [188, 214], [195, 207], [198, 205], [199, 204], [209, 228], [210, 227], [211, 226], [212, 225], [213, 224], [230, 252], [231, 251], [232, 250], [234, 249], [235, 248], [236, 247], [237, 246], [238, 245], [254, 280], [255, 279], [256, 278], [265, 293], [267, 291], [268, 290], [269, 289], [270, 287], [274, 283], [275, 284], [313, 319], [314, 318], [339, 355], [340, 354], [341, 353], [342, 352], [343, 351]]"
tmRNA_Brev.line._TRW-321955_1-377,"[[1, 373], [2, 372], [3, 371], [4, 370], [5, 369], [6, 368], [7, 367], [11, 364], [12, 363], [15, 40], [16, 39], [19, 346], [20, 345], [21, 344], [22, 343], [23, 342], [24, 341], [26, 340], [27, 339], [32, 334], [34, 332], [35, 331], [36, 330], [37, 329], [38, 328], [43, 321], [44, 320], [45, 319], [46, 318], [47, 317], [48, 68], [49, 67], [50, 66], [51, 65], [52, 64], [58, 79], [59, 78], [60, 77], [63, 73], [81, 103], [88, 119], [89, 118], [90, 117], [92, 115], [93, 114], [94, 113], [95, 112], [96, 111], [100, 109], [101, 108], [122, 150], [123, 149], [125, 146], [126, 145], [127, 144], [128, 143], [131, 142], [132, 141], [133, 140], [134, 139], [156, 192], [157, 191], [158, 190], [159, 189], [160, 188], [161, 187], [162, 184], [163, 183], [164, 182], [165, 181], [166, 180], [167, 179], [168, 178], [169, 177], [171, 175], [185, 202], [200, 205], [211, 239], [212, 238], [213, 237], [214, 236], [215, 235], [216, 234], [217, 233], [218, 232], [219, 231], [220, 230], [221, 229], [225, 251], [226, 255], [227, 254], [228, 250], [257, 292], [258, 291], [259, 290], [262, 289], [263, 288], [264, 287], [265, 286], [266, 285], [267, 284], [268, 283], [269, 280], [271, 278], [273, 313], [274, 312], [275, 311], [276, 310], [277, 309], [278, 308], [279, 307], [282, 305], [293, 353], [294, 352], [327, 349], [350, 366], [351, 365], [354, 362]]"
srp_Porp.purp._U38804,"[[1, 89], [2, 88], [3, 87], [4, 86], [5, 85], [6, 84], [7, 83], [8, 82], [9, 81], [10, 80], [11, 79], [12, 78], [13, 77], [14, 25], [15, 24], [16, 23], [32, 57], [33, 56], [34, 55], [35, 54], [40, 49], [41, 48], [42, 47]]"
RNaseP_Synechocystis-PCC6803,"[[1, 430], [2, 429], [3, 428], [4, 427], [5, 426], [6, 425], [7, 424], [8, 423], [9, 422], [13, 419], [14, 380], [15, 379], [16, 378], [17, 377], [18, 376], [19, 375], [20, 374], [21, 44], [22, 43], [23, 42], [24, 41], [25, 40], [26, 39], [27, 38], [28, 37], [29, 35], [30, 34], [31, 33], [46, 63], [47, 62], [49, 417], [50, 416], [51, 415], [52, 73], [53, 414], [55, 412], [56, 411], [57, 410], [59, 64], [60, 282], [61, 281], [70, 413], [74, 288], [75, 287], [76, 286], [77, 93], [78, 92], [79, 91], [80, 90], [81, 89], [82, 88], [83, 87], [102, 312], [107, 311], [108, 310], [109, 273], [110, 318], [113, 272], [114, 271], [115, 268], [116, 267], [117, 266], [120, 264], [121, 338], [127, 231], [129, 215], [130, 214], [132, 253], [135, 208], [136, 207], [137, 206], [138, 205], [139, 204], [140, 203], [141, 202], [151, 192], [152, 191], [153, 197], [154, 189], [155, 188], [156, 194], [160, 190], [163, 187], [164, 186], [165, 185], [167, 179], [171, 176], [181, 242], [196, 213], [198, 211], [199, 210], [200, 209], [223, 241], [224, 240], [225, 239], [226, 238], [227, 237], [228, 236], [230, 233], [243, 263], [244, 261], [245, 260], [246, 259], [247, 258], [248, 257], [249, 256], [250, 255], [290, 294], [303, 321], [304, 320], [343, 366], [345, 365], [346, 364], [347, 362], [348, 361], [349, 360], [350, 359], [351, 358], [352, 357]]"
tmRNA_Desu.desu._CP000112_1-360,"[[1, 356], [2, 355], [3, 354], [4, 353], [5, 352], [6, 351], [7, 350], [20, 329], [21, 328], [22, 327], [23, 326], [24, 325], [25, 324], [26, 323], [27, 322], [33, 317], [34, 316], [35, 314], [36, 313], [37, 312], [38, 311], [39, 310], [40, 309], [42, 304], [43, 303], [44, 302], [45, 301], [46, 167], [47, 166], [48, 165], [49, 65], [50, 64], [51, 63], [52, 62], [53, 61], [54, 77], [55, 76], [56, 75], [57, 74], [58, 73], [59, 72], [60, 210], [67, 71], [83, 105], [84, 104], [85, 103], [86, 102], [87, 101], [88, 100], [89, 99], [90, 98], [91, 190], [92, 189], [115, 156], [116, 136], [117, 135], [118, 134], [119, 133], [120, 131], [121, 130], [122, 129], [123, 128], [124, 145], [125, 144], [126, 143], [127, 142], [133, 137], [138, 172], [139, 171], [140, 170], [141, 169], [146, 164], [147, 163], [148, 162], [149, 160], [151, 159], [178, 202], [187, 222], [191, 218], [192, 217], [193, 216], [194, 215], [195, 214], [199, 213], [200, 212], [203, 237], [204, 236], [205, 235], [206, 234], [207, 233], [208, 232], [211, 229], [239, 279], [240, 278], [241, 277], [242, 276], [243, 275], [244, 274], [245, 272], [246, 271], [247, 270], [248, 269], [249, 268], [251, 264], [252, 263], [253, 262], [255, 295], [256, 294], [257, 293], [258, 292], [259, 291], [260, 290], [261, 289], [266, 285], [267, 284], [282, 286], [333, 349], [334, 348], [335, 347], [336, 346], [337, 345]]"
tmRNA_Mari.aqua._TRW-351348_1-366,"[[1, 362], [2, 361], [3, 360], [4, 359], [5, 358], [6, 357], [7, 356], [8, 138], [9, 137], [10, 136], [18, 338], [20, 335], [21, 334], [22, 333], [23, 332], [24, 331], [25, 330], [26, 329], [28, 328], [29, 327], [31, 325], [34, 322], [35, 321], [36, 320], [37, 319], [38, 318], [39, 317], [40, 316], [41, 314], [42, 311], [43, 310], [44, 309], [45, 308], [46, 307], [47, 306], [48, 67], [49, 66], [50, 65], [51, 64], [52, 63], [53, 62], [55, 82], [56, 81], [57, 80], [58, 79], [59, 78], [84, 93], [85, 92], [94, 101], [95, 100], [110, 126], [111, 125], [112, 124], [114, 122], [119, 132], [120, 131], [121, 130], [128, 153], [129, 152], [141, 182], [142, 181], [143, 180], [144, 179], [145, 178], [146, 177], [147, 166], [148, 165], [149, 164], [150, 163], [151, 162], [154, 159], [155, 198], [156, 169], [157, 168], [158, 167], [160, 193], [161, 192], [200, 235], [204, 231], [205, 230], [206, 229], [209, 226], [210, 225], [211, 224], [212, 223], [213, 222], [214, 221], [215, 247], [216, 246], [217, 245], [218, 244], [219, 243], [238, 242], [249, 283], [250, 282], [251, 281], [252, 280], [253, 279], [256, 276], [257, 275], [263, 300], [264, 273], [265, 298], [266, 297], [267, 296], [268, 295], [269, 294], [270, 292], [277, 286], [339, 355], [340, 354], [341, 353], [342, 352], [343, 351]]"
tmRNA_Lact.case._CP000423_1-364,"[[1, 360], [2, 359], [3, 358], [4, 357], [5, 356], [6, 355], [7, 354], [8, 42], [11, 230], [12, 229], [13, 228], [14, 227], [15, 226], [20, 333], [21, 332], [22, 331], [23, 330], [24, 329], [25, 328], [26, 327], [27, 326], [28, 325], [29, 324], [31, 323], [32, 322], [33, 320], [34, 319], [35, 318], [36, 317], [37, 316], [38, 315], [39, 314], [40, 313], [41, 312], [43, 307], [44, 306], [45, 305], [46, 304], [47, 303], [52, 59], [60, 74], [61, 73], [62, 72], [63, 71], [64, 70], [76, 90], [77, 89], [78, 88], [79, 87], [80, 86], [81, 85], [96, 105], [97, 104], [99, 106], [107, 141], [108, 140], [109, 139], [110, 138], [111, 137], [114, 136], [115, 135], [116, 134], [117, 133], [118, 132], [119, 131], [120, 130], [122, 128], [123, 127], [126, 238], [129, 235], [142, 174], [143, 173], [144, 172], [146, 168], [147, 167], [148, 166], [149, 165], [150, 164], [151, 163], [152, 162], [153, 292], [154, 161], [155, 190], [156, 189], [157, 188], [158, 187], [159, 186], [160, 185], [177, 225], [178, 224], [182, 220], [183, 219], [184, 218], [190, 214], [191, 213], [193, 211], [194, 210], [195, 209], [197, 207], [231, 259], [232, 258], [233, 257], [239, 280], [240, 279], [241, 278], [242, 277], [243, 276], [244, 275], [245, 271], [246, 270], [247, 269], [248, 268], [249, 267], [250, 266], [251, 265], [252, 264], [253, 263], [254, 262], [255, 261], [260, 297], [274, 290], [300, 311], [302, 309], [337, 353], [338, 352], [339, 351], [340, 350], [341, 349]]"
RNaseP_N.gregoryi,"[[11, 27], [12, 439], [13, 438], [14, 437], [15, 436], [16, 435], [17, 434], [18, 431], [21, 269], [22, 268], [23, 267], [24, 266], [25, 265], [26, 264], [29, 261], [31, 43], [33, 41], [34, 301], [35, 39], [42, 466], [44, 464], [45, 463], [46, 462], [47, 461], [48, 460], [49, 457], [50, 456], [51, 455], [52, 81], [53, 80], [54, 453], [55, 452], [56, 451], [57, 450], [58, 75], [59, 74], [60, 73], [61, 72], [62, 446], [63, 445], [64, 444], [65, 443], [66, 442], [67, 441], [88, 427], [93, 106], [94, 105], [95, 104], [96, 103], [97, 102], [98, 133], [99, 132], [100, 131], [101, 130], [112, 118], [113, 117], [119, 123], [124, 128], [134, 142], [135, 141], [150, 287], [152, 285], [153, 284], [158, 175], [159, 174], [160, 173], [163, 170], [164, 169], [180, 345], [185, 343], [191, 357], [192, 356], [193, 355], [195, 365], [196, 364], [197, 363], [199, 359], [201, 379], [203, 375], [210, 335], [211, 317], [212, 336], [213, 316], [214, 331], [215, 310], [216, 315], [217, 329], [218, 319], [220, 313], [221, 320], [222, 323], [224, 312], [225, 348], [226, 330], [227, 322], [230, 340], [231, 327], [240, 290], [241, 289], [242, 288], [244, 286], [246, 260], [247, 259], [248, 258], [249, 257], [250, 256], [251, 255], [262, 393], [263, 392], [275, 298], [276, 297], [279, 294], [280, 293], [281, 292], [282, 291], [295, 304], [368, 421], [369, 420], [370, 419], [371, 418], [372, 417], [373, 416], [374, 415], [376, 413], [377, 412], [378, 411], [394, 410], [395, 409], [396, 408], [397, 407], [398, 406], [399, 405], [400, 404]]"
tmRNA_Rhod.balt._BX294141_1-380,"[[1, 376], [2, 375], [3, 374], [4, 373], [5, 372], [6, 371], [7, 370], [36, 334], [38, 333], [39, 332], [40, 331], [41, 330], [42, 329], [43, 325], [44, 324], [45, 323], [46, 322], [47, 321], [48, 320], [49, 319], [50, 71], [51, 70], [52, 69], [53, 68], [54, 67], [55, 66], [56, 65], [57, 84], [58, 83], [59, 82], [60, 81], [61, 80], [62, 79], [63, 78], [64, 77], [85, 146], [87, 111], [102, 293], [103, 292], [104, 291], [105, 290], [106, 289], [125, 138], [126, 137], [130, 134], [141, 178], [142, 177], [143, 176], [144, 175], [145, 174], [149, 171], [150, 169], [151, 168], [153, 167], [157, 164], [159, 163], [179, 284], [180, 313], [181, 312], [194, 223], [195, 222], [196, 221], [197, 220], [198, 219], [199, 218], [200, 217], [201, 216], [202, 213], [203, 212], [204, 211], [205, 210], [208, 237], [209, 236], [224, 241], [225, 240], [227, 239], [228, 238], [231, 235], [242, 279], [243, 278], [248, 273], [249, 272], [250, 271], [251, 270], [252, 269], [254, 267], [256, 266], [257, 265], [258, 264], [259, 263], [286, 300], [287, 299], [288, 298], [297, 340], [301, 337], [302, 336], [303, 335], [353, 369], [354, 368], [355, 367], [356, 366], [357, 365]]"
tmRNA_Lept.inte._AE016823_1-350,"[[1, 346], [2, 345], [3, 344], [4, 343], [5, 342], [6, 341], [7, 340], [8, 17], [9, 16], [10, 15], [21, 319], [22, 318], [23, 317], [24, 316], [25, 315], [26, 314], [47, 71], [49, 69], [50, 68], [51, 67], [52, 66], [53, 65], [54, 64], [55, 87], [56, 86], [57, 62], [58, 61], [90, 106], [91, 105], [92, 104], [93, 103], [94, 102], [95, 101], [107, 130], [109, 128], [110, 127], [111, 126], [112, 125], [113, 124], [114, 123], [131, 165], [132, 164], [133, 163], [134, 162], [135, 160], [136, 159], [137, 158], [138, 157], [139, 156], [145, 152], [154, 185], [165, 173], [176, 247], [178, 245], [179, 244], [180, 243], [183, 242], [187, 212], [189, 210], [190, 209], [191, 208], [192, 207], [193, 206], [194, 205], [195, 211], [233, 268], [234, 267], [235, 266], [236, 265], [237, 264], [238, 263], [239, 262], [240, 261], [246, 252], [248, 285], [249, 284], [250, 283], [251, 282], [253, 280], [254, 260], [255, 278], [257, 276], [258, 275], [259, 274], [286, 297], [287, 296], [288, 295], [289, 294], [323, 339], [324, 338], [325, 337], [326, 336], [327, 335]]"
grp1_a.I1.c.S.bicolor.C3.tLEU,"[[6, 499], [7, 498], [8, 497], [9, 496], [10, 495], [11, 494], [12, 493], [13, 19], [14, 18], [41, 50], [42, 49], [43, 48], [44, 47], [76, 419], [84, 418], [85, 417], [86, 416], [87, 415], [88, 414], [89, 413], [92, 401], [93, 400], [94, 399], [95, 398], [96, 397], [99, 395], [100, 393], [109, 335], [112, 315], [113, 330], [114, 329], [115, 325], [116, 337], [117, 333], [124, 380], [126, 375], [129, 381], [130, 369], [131, 368], [132, 370], [140, 373], [142, 360], [145, 372], [146, 364], [148, 363], [149, 359], [150, 361], [153, 350], [154, 349], [155, 362], [156, 353], [157, 358], [158, 351], [159, 356], [160, 344], [161, 341], [164, 347], [168, 411], [169, 410], [170, 409], [172, 223], [173, 222], [174, 221], [175, 220], [180, 332], [181, 192], [182, 191], [183, 190], [184, 189], [194, 204], [205, 391], [206, 390], [207, 389], [208, 388], [209, 387], [210, 386], [211, 385], [212, 384], [213, 382], [215, 240], [216, 239], [217, 238], [218, 237], [219, 236], [220, 235], [224, 231], [243, 263], [244, 262], [245, 261], [246, 260], [247, 259], [248, 258], [265, 270], [266, 323], [267, 322], [268, 321], [269, 320], [271, 342], [272, 295], [273, 294], [274, 293], [275, 292], [276, 291], [277, 290], [278, 289], [280, 288], [281, 319], [282, 318], [283, 317], [284, 316], [296, 304], [297, 303], [298, 302], [422, 443], [424, 437], [425, 436], [426, 435], [427, 434], [428, 433], [438, 451], [440, 449], [441, 448], [453, 507], [454, 458], [463, 492], [464, 491], [465, 490], [466, 489], [470, 484], [471, 483], [472, 482], [473, 481], [474, 480], [475, 479], [486, 502], [487, 501], [488, 500]]"
tmRNA_Ocea.ihey._BA000028_1-364,"[[1, 360], [2, 359], [3, 358], [4, 357], [5, 356], [6, 355], [7, 354], [14, 348], [20, 333], [21, 332], [22, 331], [23, 330], [24, 329], [25, 328], [26, 327], [27, 326], [34, 320], [35, 319], [36, 318], [37, 317], [38, 316], [39, 315], [40, 314], [41, 313], [42, 312], [43, 308], [44, 307], [45, 306], [46, 305], [47, 304], [48, 303], [49, 63], [50, 62], [51, 61], [52, 60], [54, 66], [55, 65], [59, 76], [109, 118], [110, 117], [111, 116], [112, 254], [113, 253], [114, 135], [119, 132], [120, 131], [121, 130], [122, 129], [123, 128], [152, 198], [153, 197], [154, 196], [155, 168], [156, 194], [157, 193], [158, 192], [159, 191], [160, 190], [163, 187], [170, 174], [185, 189], [199, 226], [200, 225], [201, 224], [202, 223], [203, 222], [204, 220], [205, 219], [206, 218], [207, 217], [208, 216], [209, 215], [211, 242], [212, 241], [213, 240], [214, 239], [243, 255], [245, 281], [246, 280], [247, 279], [248, 278], [249, 276], [250, 275], [251, 274], [252, 273], [256, 269], [257, 268], [258, 267], [260, 299], [261, 298], [262, 297], [263, 296], [264, 295], [265, 294], [266, 293], [337, 353], [338, 352], [339, 351], [340, 350], [341, 349]]"
RNaseP_CPB149,"[[11, 246], [15, 187], [16, 186], [17, 185], [18, 184], [28, 183], [29, 182], [30, 181], [31, 180], [32, 179], [33, 47], [34, 218], [35, 217], [36, 216], [37, 215], [38, 42], [43, 65], [46, 62], [49, 60], [50, 59], [51, 58], [52, 57], [63, 178], [64, 177], [68, 176], [69, 175], [70, 172], [71, 171], [81, 120], [85, 119], [86, 118], [87, 115], [88, 114], [89, 113], [90, 112], [91, 111], [92, 110], [93, 109], [94, 108], [95, 107], [97, 105], [98, 104], [99, 103], [127, 145], [128, 144], [129, 143], [130, 142], [131, 141], [132, 140], [134, 137], [146, 169], [147, 167], [148, 165], [149, 164], [150, 163], [151, 162], [152, 161], [153, 160], [154, 159], [191, 245], [192, 244], [193, 243], [210, 223], [211, 222], [212, 221], [213, 220], [214, 219], [227, 240], [228, 239], [229, 238], [231, 236]]"
tmRNA_Thio.deni._CP000116_1-367,"[[1, 363], [2, 362], [3, 361], [4, 360], [5, 359], [6, 358], [7, 357], [20, 336], [21, 335], [22, 334], [23, 333], [24, 332], [25, 331], [26, 330], [27, 329], [29, 326], [33, 324], [34, 323], [35, 322], [36, 321], [38, 320], [39, 319], [40, 318], [41, 317], [42, 74], [43, 312], [44, 311], [45, 310], [46, 309], [47, 308], [48, 307], [49, 67], [50, 66], [51, 65], [52, 64], [53, 63], [55, 62], [59, 86], [60, 85], [90, 101], [91, 100], [92, 99], [93, 98], [94, 287], [108, 138], [111, 135], [113, 133], [114, 132], [115, 131], [116, 130], [117, 129], [118, 127], [119, 126], [141, 160], [142, 159], [143, 158], [144, 157], [145, 156], [146, 155], [147, 154], [148, 153], [149, 196], [150, 195], [161, 176], [162, 175], [163, 174], [164, 173], [165, 172], [167, 171], [177, 193], [178, 191], [179, 190], [180, 189], [181, 188], [182, 187], [183, 186], [198, 275], [199, 274], [200, 228], [201, 227], [202, 226], [203, 225], [204, 224], [205, 223], [206, 222], [207, 221], [208, 247], [209, 246], [210, 245], [211, 244], [212, 243], [213, 242], [214, 241], [215, 240], [216, 239], [217, 237], [218, 236], [219, 235], [220, 234], [257, 271], [258, 270], [259, 269], [260, 268], [261, 267], [262, 302], [263, 301], [264, 300], [265, 299], [266, 298], [273, 294], [276, 291], [282, 286], [289, 293], [303, 314], [304, 313], [340, 356], [341, 355], [342, 354], [343, 353], [344, 352]]"
srp_Myco.hyop._AE017243,"[[4, 100], [6, 98], [9, 97], [10, 96], [11, 95], [12, 94], [13, 93], [14, 92], [15, 91], [16, 90], [17, 89], [18, 88], [19, 87], [20, 86], [21, 85], [22, 84], [24, 81], [25, 80], [30, 76], [33, 69], [34, 68], [35, 72], [40, 65], [41, 64], [42, 63], [43, 62], [48, 57], [49, 56], [50, 55]]"
RNaseP_P.purpurea-chloroplast,"[[1, 379], [2, 378], [3, 377], [4, 376], [5, 375], [12, 323], [13, 322], [14, 321], [15, 320], [16, 319], [17, 318], [18, 317], [19, 316], [39, 275], [45, 214], [47, 368], [48, 367], [49, 366], [51, 365], [52, 364], [53, 363], [54, 362], [55, 361], [56, 227], [57, 226], [58, 225], [59, 224], [60, 74], [61, 73], [62, 72], [63, 71], [64, 70], [68, 343], [69, 249], [76, 157], [77, 89], [78, 88], [79, 86], [91, 105], [92, 103], [93, 102], [94, 101], [95, 100], [106, 128], [107, 215], [112, 213], [113, 123], [114, 209], [115, 208], [129, 153], [130, 152], [131, 151], [133, 149], [134, 146], [136, 144], [137, 143], [142, 145], [150, 184], [165, 183], [166, 182], [167, 181], [168, 180], [169, 179], [170, 178], [171, 177], [172, 176], [185, 206], [186, 203], [187, 202], [188, 201], [189, 200], [190, 199], [191, 198], [192, 197], [204, 217], [234, 271], [235, 270], [236, 269], [237, 268], [238, 267], [239, 266], [245, 264], [246, 263], [251, 259], [262, 278], [264, 277], [265, 276], [279, 374], [280, 373], [281, 372], [282, 371], [283, 370], [284, 369], [287, 306], [288, 305], [289, 304], [290, 303], [291, 302], [292, 301], [293, 300], [294, 299], [324, 353], [325, 352], [326, 351], [327, 350], [328, 349], [330, 348], [331, 347], [332, 346], [333, 345], [334, 344], [335, 342], [336, 341]]"
srp_Myco.gall._AE015450,"[[1, 78], [2, 77], [3, 76], [4, 75], [5, 74], [6, 73], [7, 72], [8, 71], [9, 70], [11, 69], [12, 68], [13, 67], [16, 65], [17, 64], [18, 63], [19, 62], [24, 53], [26, 51], [27, 50], [28, 49], [29, 48], [34, 43], [36, 41]]"
RNaseP_LGB27,"[[6, 346], [7, 345], [8, 344], [10, 343], [11, 342], [12, 341], [13, 340], [14, 339], [15, 188], [16, 187], [17, 186], [18, 185], [27, 184], [28, 183], [29, 182], [30, 181], [32, 46], [33, 45], [34, 44], [35, 43], [36, 42], [37, 41], [48, 63], [49, 62], [50, 61], [51, 328], [52, 327], [53, 326], [56, 323], [57, 322], [58, 321], [59, 320], [60, 319], [65, 314], [71, 177], [84, 121], [89, 117], [91, 115], [92, 114], [94, 113], [95, 249], [96, 111], [97, 110], [98, 109], [99, 108], [100, 107], [101, 106], [102, 242], [103, 324], [104, 240], [128, 146], [129, 145], [130, 144], [131, 143], [132, 142], [133, 141], [135, 140], [136, 180], [137, 179], [138, 178], [147, 170], [148, 167], [149, 166], [150, 165], [151, 164], [152, 163], [153, 162], [154, 161], [155, 160], [193, 270], [194, 269], [195, 268], [202, 262], [203, 261], [204, 260], [205, 259], [206, 258], [207, 257], [208, 256], [209, 255], [229, 253], [230, 252], [231, 251], [232, 250], [234, 247], [235, 246], [236, 245], [237, 244], [238, 243], [239, 325], [274, 313], [281, 294], [282, 293], [283, 292], [284, 291], [285, 290], [315, 332], [316, 331], [317, 330], [318, 329]]"
RNaseP_EM14b-11,"[[6, 348], [7, 347], [8, 346], [10, 345], [11, 344], [12, 343], [13, 342], [14, 341], [15, 215], [16, 339], [17, 338], [18, 212], [25, 213], [27, 211], [28, 210], [29, 209], [30, 208], [31, 207], [32, 46], [33, 45], [34, 44], [35, 43], [36, 42], [37, 41], [48, 62], [49, 61], [50, 60], [51, 59], [52, 58], [53, 57], [65, 73], [67, 70], [74, 139], [78, 82], [87, 112], [88, 111], [89, 108], [90, 95], [120, 138], [121, 137], [122, 136], [123, 135], [124, 134], [125, 133], [126, 204], [127, 132], [131, 202], [137, 163], [138, 162], [140, 159], [141, 158], [142, 157], [143, 156], [144, 155], [145, 154], [146, 153], [147, 152], [164, 176], [165, 175], [166, 174], [167, 172], [181, 192], [182, 191], [183, 190], [184, 189], [219, 283], [220, 282], [221, 281], [222, 280], [228, 274], [229, 273], [230, 272], [231, 271], [232, 270], [233, 269], [234, 268], [235, 267], [236, 247], [237, 246], [238, 245], [239, 244], [240, 262], [251, 331], [252, 330], [253, 329], [254, 328], [255, 327], [256, 326], [257, 277], [258, 276], [259, 275], [288, 320], [289, 319], [292, 313], [293, 312], [294, 311], [295, 310], [296, 309], [297, 308], [298, 307], [299, 306], [300, 305]]"
grp1_a.I1.e.B.ciliata.JCM6865.C1.SSU.1506,"[[2, 36], [3, 35], [4, 34], [6, 10], [13, 62], [14, 61], [15, 60], [16, 59], [17, 58], [18, 57], [20, 55], [21, 54], [29, 53], [30, 52], [31, 51], [32, 50], [33, 49], [43, 47], [68, 265], [69, 264], [70, 263], [71, 88], [72, 87], [73, 86], [74, 85], [75, 84], [76, 82], [92, 110], [93, 109], [94, 108], [95, 107], [96, 106], [97, 105], [98, 104], [111, 219], [112, 218], [115, 230], [116, 229], [117, 228], [118, 227], [119, 226], [121, 224], [131, 145], [132, 144], [133, 143], [134, 142], [135, 141], [136, 139], [146, 210], [147, 209], [148, 208], [155, 168], [156, 167], [166, 346], [169, 199], [170, 198], [171, 197], [172, 196], [178, 194], [179, 193], [180, 192], [181, 191], [184, 188], [186, 357], [187, 356], [200, 204], [207, 236], [214, 225], [216, 223], [217, 221], [235, 281], [241, 261], [242, 259], [243, 257], [244, 256], [245, 255], [246, 254], [247, 253], [248, 252], [267, 324], [269, 323], [270, 322], [271, 321], [272, 320], [273, 319], [275, 317], [276, 316], [279, 315], [282, 313], [283, 312], [284, 311], [285, 310], [286, 309], [287, 308], [288, 307], [289, 306], [290, 305], [291, 304], [292, 303], [293, 302], [294, 300], [295, 298], [327, 347], [329, 345], [330, 344], [331, 343], [334, 341], [335, 340]]"
grp1_a.I1.e.S.sclerotiorum_1837.C1.LSU.798,"[[1, 28], [4, 25], [10, 310], [31, 35], [42, 195], [43, 194], [44, 193], [45, 192], [68, 74], [80, 95], [81, 94], [82, 93], [83, 92], [85, 90], [99, 276], [100, 275], [101, 274], [102, 273], [103, 272], [104, 271], [132, 208], [133, 207], [134, 206], [135, 205], [136, 298], [137, 203], [138, 202], [150, 169], [151, 168], [152, 167], [153, 166], [160, 237], [161, 236], [162, 235], [165, 232], [170, 188], [171, 368], [172, 186], [173, 366], [174, 365], [175, 219], [176, 363], [177, 217], [178, 216], [179, 360], [180, 359], [181, 214], [182, 213], [183, 212], [184, 211], [185, 210], [187, 209], [225, 242], [226, 241], [227, 240], [228, 239], [229, 238], [257, 308], [258, 307], [261, 306], [263, 305], [264, 304], [265, 303], [266, 302], [267, 301], [269, 299], [277, 294], [278, 293], [279, 292], [280, 291], [281, 290], [282, 289], [283, 288], [311, 324], [312, 323], [313, 322], [314, 321], [315, 320], [327, 351], [328, 350], [330, 348], [362, 371]]"
RNaseP_C.jejuni,"[[1, 315], [2, 314], [3, 313], [4, 312], [5, 311], [6, 310], [7, 309], [8, 308], [9, 307], [12, 284], [13, 283], [14, 282], [15, 281], [16, 280], [17, 279], [18, 278], [29, 42], [30, 41], [37, 303], [38, 302], [39, 301], [40, 300], [43, 298], [44, 297], [45, 206], [46, 205], [47, 204], [48, 203], [49, 202], [61, 199], [64, 78], [65, 77], [66, 76], [67, 75], [68, 74], [69, 73], [80, 91], [81, 90], [82, 89], [83, 88], [94, 196], [95, 195], [99, 194], [100, 193], [102, 189], [105, 143], [106, 186], [107, 185], [116, 135], [117, 132], [119, 130], [120, 129], [121, 128], [122, 127], [146, 158], [147, 157], [148, 156], [150, 155], [159, 173], [160, 172], [161, 171], [162, 170], [163, 169], [165, 201], [169, 198], [175, 190], [200, 291], [223, 243], [224, 242], [245, 271], [247, 270], [249, 268], [250, 267], [251, 266], [252, 265], [253, 264], [254, 263], [255, 262], [256, 261], [272, 306], [274, 304], [285, 294], [286, 293]]"
grp1_a.I1.e.B.yamatoana.JCM2896.C1.SSU.1506,"[[1, 465], [2, 464], [3, 462], [10, 57], [11, 56], [12, 55], [13, 51], [14, 50], [15, 49], [16, 48], [17, 47], [18, 46], [19, 45], [22, 201], [23, 200], [24, 199], [25, 214], [26, 197], [27, 212], [28, 211], [29, 210], [33, 40], [34, 39], [44, 66], [62, 249], [63, 248], [64, 247], [67, 244], [68, 243], [69, 242], [70, 240], [71, 239], [72, 238], [74, 400], [79, 398], [83, 393], [84, 392], [85, 391], [86, 390], [87, 389], [88, 388], [89, 387], [90, 386], [101, 380], [114, 125], [115, 124], [116, 123], [117, 121], [118, 160], [127, 153], [128, 152], [134, 147], [135, 146], [136, 145], [137, 144], [138, 143], [139, 142], [162, 352], [163, 351], [164, 350], [165, 349], [166, 348], [167, 347], [168, 346], [169, 345], [174, 283], [175, 282], [176, 281], [177, 280], [178, 279], [182, 276], [183, 275], [184, 274], [185, 273], [188, 271], [192, 269], [193, 268], [194, 267], [195, 266], [196, 265], [198, 263], [203, 230], [204, 229], [205, 228], [206, 227], [207, 225], [208, 224], [211, 220], [213, 218], [234, 246], [235, 245], [236, 262], [237, 261], [252, 256], [284, 333], [285, 332], [286, 331], [287, 330], [288, 305], [289, 304], [290, 329], [291, 328], [292, 325], [293, 324], [295, 326], [298, 320], [299, 319], [300, 318], [301, 317], [302, 316], [303, 315], [306, 313], [307, 312], [308, 311], [337, 419], [338, 418], [339, 384], [340, 383], [341, 382], [342, 381], [353, 373], [354, 372], [355, 371], [356, 394], [366, 379], [367, 378], [368, 377], [369, 376], [396, 401], [412, 425], [413, 424], [414, 423], [415, 422], [416, 421], [431, 444], [432, 443], [433, 442], [434, 441], [435, 440], [438, 467], [439, 466], [445, 460], [446, 459], [447, 458], [448, 457], [449, 456], [450, 455], [451, 454]]"
srp_Dich.nodo._CP000513,"[[1, 103], [2, 102], [3, 101], [4, 100], [5, 99], [6, 98], [7, 97], [8, 96], [9, 95], [12, 30], [13, 29], [14, 28], [15, 27], [16, 26], [17, 25], [18, 24], [19, 23], [40, 65], [41, 64], [42, 63], [43, 62], [48, 57], [49, 56], [50, 55]]"
tmRNA_Cyan.cald._AF022186_1-254,"[[1, 250], [2, 249], [3, 248], [4, 247], [5, 246], [6, 245], [7, 244], [21, 223], [22, 222], [23, 221], [24, 220], [33, 213], [34, 212], [35, 211], [36, 210], [37, 209], [38, 208], [39, 207], [40, 206], [42, 205], [43, 204], [44, 203], [45, 202], [51, 67], [52, 66], [53, 65], [54, 64], [55, 63], [57, 77], [58, 76], [59, 75], [60, 74], [61, 73], [62, 195], [92, 128], [101, 117], [105, 157], [106, 156], [107, 155], [108, 154], [109, 153], [112, 151], [113, 150], [114, 149], [115, 148], [116, 146], [118, 142], [119, 140], [120, 139], [121, 138], [122, 137], [123, 136], [124, 135], [125, 134], [174, 177], [227, 243], [228, 242], [229, 241], [230, 240], [231, 239]]"
grp1_a.I1.e.L.dispersa.UNK.SSU.789,"[[3, 7], [4, 13], [11, 20], [12, 217], [14, 215], [16, 213], [17, 212], [18, 211], [19, 210], [30, 52], [31, 51], [32, 50], [33, 49], [34, 48], [35, 47], [36, 46], [37, 45], [38, 44], [39, 170], [40, 169], [41, 168], [43, 69], [72, 83], [73, 82], [75, 80], [127, 137], [128, 136], [129, 135], [130, 134], [148, 187], [149, 186], [150, 185], [151, 184], [152, 183], [154, 181], [157, 180], [158, 179], [159, 178], [160, 177], [161, 176], [163, 174], [165, 173], [166, 172], [190, 209], [191, 208], [192, 206], [193, 205], [194, 204], [195, 203]]"
srp_Meth.kand._AE010387,"[[7, 36], [8, 35], [14, 26], [15, 25], [16, 24], [55, 313], [56, 312], [57, 311], [58, 310], [60, 309], [63, 307], [64, 306], [65, 305], [66, 304], [67, 303], [68, 302], [69, 301], [70, 300], [71, 299], [74, 296], [75, 295], [76, 294], [77, 293], [78, 292], [79, 291], [80, 290], [81, 289], [82, 288], [83, 287], [85, 286], [86, 285], [87, 284], [88, 283], [89, 282], [90, 281], [91, 280], [93, 279], [94, 278], [95, 277], [96, 276], [97, 271], [98, 270], [100, 269], [101, 268], [102, 267], [103, 266], [104, 265], [107, 264], [108, 263], [109, 262], [110, 261], [111, 260], [112, 259], [113, 147], [117, 144], [118, 143], [119, 256], [120, 255], [121, 254], [122, 253], [123, 252], [124, 251], [125, 250], [126, 136], [127, 135], [128, 134], [129, 133], [142, 177], [145, 174], [146, 173], [151, 171], [153, 170], [154, 169], [155, 168], [156, 167], [157, 166], [158, 165], [159, 164], [185, 227], [186, 226], [187, 225], [188, 224], [189, 223], [190, 222], [195, 220], [196, 219], [197, 218], [198, 217], [203, 212], [204, 211], [205, 210], [233, 249], [234, 248], [235, 247], [236, 246], [237, 245]]"
tmRNA_Nitr.ocea._CP000127_1-361,"[[1, 357], [2, 356], [3, 355], [4, 354], [5, 353], [6, 352], [7, 351], [20, 330], [21, 329], [22, 328], [23, 327], [24, 326], [25, 325], [26, 324], [27, 323], [29, 322], [34, 317], [35, 316], [36, 315], [39, 312], [40, 311], [42, 306], [43, 308], [44, 304], [45, 303], [46, 302], [47, 301], [48, 65], [49, 64], [50, 63], [51, 62], [52, 61], [53, 296], [54, 78], [55, 294], [56, 293], [57, 292], [58, 291], [59, 71], [60, 70], [81, 290], [86, 287], [87, 106], [88, 105], [89, 104], [90, 103], [91, 102], [93, 100], [109, 138], [110, 137], [111, 136], [112, 135], [113, 134], [114, 133], [115, 131], [116, 130], [117, 129], [118, 128], [120, 124], [127, 295], [139, 179], [140, 178], [141, 177], [142, 176], [143, 175], [144, 174], [145, 173], [146, 169], [147, 168], [148, 167], [149, 166], [151, 165], [153, 164], [154, 163], [155, 197], [158, 192], [159, 191], [160, 190], [161, 189], [162, 188], [170, 185], [172, 183], [193, 243], [194, 242], [195, 241], [196, 240], [198, 238], [199, 237], [200, 236], [201, 235], [202, 234], [203, 233], [204, 232], [205, 231], [206, 230], [207, 229], [209, 227], [214, 223], [215, 222], [216, 221], [244, 280], [245, 279], [246, 278], [247, 277], [248, 276], [249, 275], [250, 274], [251, 273], [252, 272], [253, 271], [260, 270], [261, 269], [262, 268], [263, 267], [334, 350], [335, 349], [336, 348], [337, 347], [338, 346]]"
tRNA_tdbR00000400-Loligo_bleekeri-6617-Ser-7CU,"[[1, 67], [2, 66], [3, 65], [4, 64], [5, 63], [6, 62], [7, 61], [21, 37], [22, 36], [23, 35], [24, 34], [25, 33], [42, 50]]"
srp_Schi.japo._GSP-402676,"[[2, 31], [3, 13], [4, 12], [6, 27], [7, 26], [10, 148], [11, 147], [15, 219], [28, 217], [29, 216], [30, 215], [33, 238], [34, 237], [39, 52], [40, 51], [41, 50], [42, 49], [43, 48], [63, 71], [72, 206], [73, 205], [74, 204], [75, 203], [76, 202], [77, 201], [78, 200], [79, 199], [80, 198], [83, 192], [84, 191], [85, 190], [86, 189], [87, 188], [88, 187], [89, 186], [90, 185], [91, 133], [92, 132], [93, 131], [94, 130], [95, 129], [96, 128], [98, 127], [99, 126], [100, 125], [102, 124], [103, 123], [106, 176], [107, 175], [110, 115], [116, 164], [117, 163], [118, 162], [120, 160], [122, 158], [134, 138], [141, 183], [142, 182], [143, 181], [144, 180], [145, 179], [158, 169], [159, 168], [160, 167], [161, 166], [171, 197], [172, 196], [173, 195], [174, 193]]"
srp_Guil.thet._AF041468,"[[1, 92], [2, 91], [3, 90], [4, 89], [5, 88], [6, 87], [7, 86], [8, 84], [9, 83], [10, 82], [11, 81], [12, 80], [13, 79], [14, 78], [22, 67], [32, 57], [33, 56], [34, 55], [35, 54], [40, 49], [41, 48], [42, 47], [43, 46]]"
grp1_a.I1.e.L.dispersa.UNK.SSU.516,"[[15, 20], [24, 282], [30, 241], [31, 240], [32, 239], [33, 238], [34, 237], [40, 48], [42, 77], [45, 72], [46, 71], [47, 70], [49, 68], [50, 67], [51, 66], [52, 65], [53, 64], [54, 63], [56, 62], [78, 102], [80, 100], [81, 99], [82, 97], [83, 96], [84, 95], [86, 94], [101, 125], [107, 117], [108, 116], [109, 115], [110, 114], [118, 226], [119, 225], [121, 223], [122, 222], [123, 130], [124, 129], [127, 166], [128, 165], [130, 163], [131, 162], [132, 161], [133, 160], [134, 159], [135, 158], [136, 157], [139, 154], [141, 152], [142, 151], [143, 150], [148, 177], [170, 310], [172, 184], [173, 183], [191, 213], [192, 212], [193, 211], [194, 210], [195, 209], [197, 206], [198, 205], [218, 296], [219, 295], [220, 294], [221, 293], [228, 281], [231, 328], [232, 327], [233, 326], [234, 325], [235, 324], [236, 323], [276, 300], [284, 291], [314, 320]]"
tmRNA_Meso.viri._AF166114_1-359,"[[4, 352], [5, 351], [6, 342], [7, 11], [18, 331], [20, 328], [21, 327], [22, 326], [23, 325], [24, 324], [25, 323], [26, 322], [27, 321], [28, 320], [30, 318], [32, 315], [33, 316], [34, 313], [35, 312], [36, 311], [37, 310], [38, 309], [39, 308], [40, 307], [51, 69], [52, 68], [53, 67], [54, 66], [55, 65], [57, 63], [58, 62], [73, 190], [75, 188], [76, 187], [77, 186], [79, 184], [80, 183], [87, 92], [91, 172], [93, 170], [94, 169], [95, 168], [96, 167], [97, 166], [98, 165], [99, 164], [108, 126], [109, 125], [110, 124], [111, 123], [112, 122], [115, 119], [128, 139], [129, 138], [130, 137], [131, 136], [140, 208], [141, 207], [142, 206], [155, 195], [156, 194], [157, 193], [158, 192], [159, 191], [160, 243], [161, 241], [162, 240], [173, 205], [174, 204], [175, 203], [176, 202], [177, 201], [178, 200], [179, 199], [180, 198], [222, 242], [227, 239], [228, 238], [229, 237], [230, 236], [245, 249], [252, 294], [253, 293], [254, 292], [255, 291], [256, 290], [257, 289], [273, 288], [274, 287], [275, 286], [276, 285], [277, 284], [297, 306], [298, 305], [299, 304], [300, 303], [332, 348], [333, 347], [334, 346], [335, 345], [336, 344], [337, 343]]"
srp_Cyan.mero._AY286123,"[[1, 81], [2, 80], [3, 79], [4, 78], [5, 77], [6, 76], [7, 75], [8, 74], [10, 72], [11, 70], [12, 69], [13, 68], [14, 67], [15, 66], [17, 60], [18, 59], [19, 58], [20, 57], [21, 56], [22, 55], [23, 54], [27, 52], [28, 51], [29, 50], [30, 49], [34, 45], [35, 44], [36, 43], [37, 42]]"
tmRNA_Porp.purp._TRW-2787_1-323,"[[1, 319], [2, 318], [3, 317], [4, 316], [5, 315], [6, 314], [7, 313], [19, 292], [20, 291], [21, 290], [22, 289], [23, 288], [24, 287], [25, 286], [26, 285], [27, 284], [28, 283], [30, 282], [32, 280], [52, 70], [53, 69], [54, 68], [55, 67], [56, 66], [57, 65], [59, 82], [60, 81], [61, 80], [62, 79], [63, 78], [103, 122], [104, 127], [107, 121], [108, 120], [111, 117], [129, 147], [132, 144], [133, 143], [134, 142], [135, 167], [136, 166], [137, 165], [138, 164], [139, 163], [145, 156], [151, 183], [152, 182], [153, 181], [154, 180], [155, 179], [157, 177], [158, 176], [159, 175], [160, 174], [162, 173], [168, 193], [185, 213], [186, 212], [187, 211], [188, 210], [190, 208], [191, 207], [192, 206], [194, 203], [195, 202], [221, 277], [222, 276], [223, 275], [224, 274], [225, 273], [226, 272], [227, 271], [229, 269], [231, 255], [243, 270], [245, 268], [246, 267], [247, 266], [248, 265], [249, 263], [250, 262], [251, 261], [252, 260], [253, 259], [254, 258], [296, 312], [297, 311], [298, 310], [299, 309], [300, 308], [301, 306]]"
tmRNA_Cald.sacc._TRW-351627_1-368,"[[1, 364], [2, 363], [3, 362], [4, 361], [5, 360], [6, 359], [7, 358], [17, 37], [18, 36], [23, 337], [24, 336], [25, 335], [26, 334], [27, 333], [28, 332], [29, 331], [30, 304], [31, 330], [32, 329], [33, 328], [34, 327], [35, 326], [36, 325], [38, 323], [39, 322], [40, 321], [41, 320], [42, 319], [43, 318], [44, 317], [47, 311], [48, 310], [49, 309], [50, 74], [51, 73], [52, 72], [53, 71], [54, 70], [55, 69], [56, 68], [57, 67], [59, 87], [60, 86], [61, 85], [62, 84], [63, 83], [64, 82], [65, 81], [66, 80], [113, 119], [120, 144], [121, 143], [122, 142], [123, 141], [124, 140], [125, 139], [126, 138], [127, 137], [129, 135], [145, 181], [146, 180], [147, 179], [148, 178], [149, 177], [150, 176], [152, 172], [153, 171], [154, 170], [155, 169], [156, 168], [157, 167], [158, 166], [159, 197], [160, 196], [161, 195], [162, 193], [163, 192], [164, 191], [165, 190], [186, 232], [199, 231], [200, 230], [201, 229], [202, 228], [203, 227], [204, 226], [205, 225], [206, 224], [207, 223], [208, 222], [209, 221], [210, 220], [213, 245], [214, 244], [215, 243], [216, 242], [217, 241], [218, 240], [219, 239], [246, 258], [247, 283], [249, 282], [250, 281], [251, 280], [252, 279], [253, 278], [254, 277], [255, 276], [256, 275], [257, 274], [261, 270], [264, 302], [265, 301], [266, 300], [267, 299], [268, 298], [269, 297], [271, 295], [272, 294], [273, 291], [342, 357], [343, 355], [344, 354], [345, 353]]"
tRNA_tdbR00000460-Aedes_albopictus-7160-Val-UAC,"[[1, 71], [2, 70], [3, 69], [4, 68], [5, 67], [6, 66], [7, 65], [8, 64], [10, 25], [11, 24], [12, 23], [13, 22], [14, 20], [27, 43], [28, 42], [29, 41], [30, 40], [31, 39], [48, 59], [53, 58]]"
RNaseP_M.barkeri,"[[2, 367], [3, 366], [4, 365], [5, 364], [6, 363], [7, 362], [8, 361], [10, 359], [11, 358], [12, 357], [13, 356], [14, 355], [20, 349], [21, 348], [23, 45], [26, 41], [27, 40], [28, 39], [29, 38], [30, 37], [31, 36], [43, 352], [50, 347], [51, 346], [52, 345], [53, 344], [54, 343], [61, 82], [63, 80], [66, 124], [67, 123], [71, 92], [72, 91], [74, 90], [75, 89], [76, 88], [77, 87], [78, 86], [79, 84], [93, 102], [94, 101], [95, 100], [96, 240], [97, 239], [98, 238], [99, 237], [100, 236], [103, 233], [104, 232], [105, 231], [106, 229], [109, 224], [110, 223], [112, 187], [113, 186], [115, 185], [117, 121], [127, 177], [128, 147], [129, 146], [130, 145], [131, 144], [132, 170], [133, 169], [134, 168], [135, 139], [136, 166], [137, 165], [150, 157], [151, 156], [159, 184], [190, 201], [191, 200], [192, 199], [193, 198], [212, 246], [213, 245], [214, 244], [215, 243], [216, 242], [217, 241], [273, 313], [276, 310], [277, 309], [278, 334], [279, 333], [280, 332], [281, 331], [282, 330], [284, 327], [285, 326], [287, 360], [290, 322], [296, 314], [298, 312], [299, 311], [303, 321], [304, 320], [350, 368]]"
tmRNA_Chro.sale._CP000285_1-380,"[[1, 376], [2, 375], [3, 374], [4, 373], [5, 372], [6, 371], [7, 370], [9, 27], [10, 359], [17, 353], [18, 352], [20, 349], [21, 348], [22, 347], [23, 346], [24, 345], [25, 344], [26, 343], [28, 342], [29, 341], [31, 338], [32, 193], [33, 337], [34, 336], [35, 335], [36, 333], [39, 331], [40, 330], [41, 329], [42, 325], [43, 324], [44, 323], [45, 322], [46, 321], [47, 320], [48, 67], [49, 66], [50, 65], [51, 64], [52, 63], [53, 61], [56, 76], [57, 80], [58, 79], [59, 78], [60, 77], [68, 81], [85, 89], [92, 103], [93, 102], [94, 101], [95, 100], [110, 135], [111, 134], [112, 133], [113, 132], [116, 229], [117, 228], [118, 227], [119, 226], [120, 225], [121, 224], [122, 150], [124, 147], [125, 146], [126, 145], [127, 144], [128, 143], [129, 142], [130, 141], [131, 140], [157, 194], [160, 191], [161, 190], [165, 186], [166, 185], [167, 184], [168, 183], [169, 182], [170, 181], [171, 180], [173, 178], [174, 192], [179, 187], [189, 203], [217, 245], [218, 244], [219, 243], [220, 242], [221, 241], [222, 240], [223, 239], [230, 259], [231, 237], [246, 254], [252, 307], [253, 306], [255, 304], [256, 303], [264, 297], [265, 296], [266, 295], [267, 294], [269, 292], [270, 291], [271, 290], [272, 289], [274, 287], [275, 286], [276, 285], [278, 315], [280, 313], [281, 312], [282, 311], [283, 310], [284, 309], [298, 302], [354, 369], [355, 368], [356, 367], [357, 365]]"
16s_G.intestinalis_domain4,"[[2, 100], [4, 97], [7, 93], [8, 92], [10, 90], [12, 87], [13, 86], [14, 85], [15, 84], [16, 83], [18, 81], [19, 80], [22, 78], [23, 77], [24, 76], [25, 75], [26, 74], [27, 73], [28, 72], [29, 71], [30, 70], [31, 69], [33, 68], [34, 66], [35, 65], [38, 62], [39, 61], [40, 60], [41, 58], [43, 57], [44, 56], [105, 124], [106, 123], [107, 122], [108, 121], [109, 120], [110, 119], [111, 118], [112, 117]]"
tmRNA_Clos.ther._TRW-203119_1-387,"[[1, 383], [2, 382], [3, 381], [4, 380], [5, 379], [6, 378], [7, 377], [20, 356], [21, 355], [22, 354], [23, 353], [24, 352], [25, 351], [26, 350], [27, 349], [28, 348], [33, 43], [35, 41], [47, 218], [48, 217], [49, 216], [50, 215], [51, 214], [54, 82], [55, 81], [56, 80], [57, 79], [58, 78], [59, 77], [60, 76], [61, 75], [62, 97], [63, 96], [64, 95], [68, 93], [70, 91], [122, 140], [123, 139], [124, 171], [125, 137], [126, 136], [127, 135], [128, 134], [129, 133], [138, 156], [141, 153], [142, 178], [143, 177], [144, 176], [145, 175], [146, 174], [147, 173], [148, 172], [149, 168], [150, 167], [151, 166], [152, 165], [154, 163], [155, 162], [159, 202], [161, 292], [169, 283], [170, 282], [171, 281], [182, 186], [187, 213], [190, 210], [191, 209], [192, 208], [193, 207], [194, 206], [195, 205], [196, 204], [197, 203], [198, 201], [222, 252], [223, 251], [224, 250], [225, 249], [226, 248], [227, 247], [228, 246], [229, 245], [230, 244], [231, 243], [234, 265], [235, 264], [236, 263], [237, 262], [238, 261], [239, 260], [240, 259], [241, 257], [242, 256], [255, 277], [266, 303], [267, 302], [271, 298], [272, 297], [273, 296], [274, 295], [275, 294], [276, 293], [278, 291], [279, 290], [280, 289], [283, 321], [284, 320], [285, 319], [286, 318], [287, 317], [288, 316], [299, 314], [322, 336], [323, 335], [325, 333], [360, 376], [361, 375], [362, 374], [363, 373], [364, 372]]"
RNaseP_H.chlorum-partial,"[[26, 45], [27, 44], [28, 43], [29, 42], [30, 41], [31, 40], [56, 67], [57, 66], [58, 65]]"
srp_Cyan.cald._AF022186,"[[1, 85], [2, 84], [3, 83], [4, 82], [5, 81], [6, 80], [7, 79], [8, 78], [9, 77], [11, 75], [13, 71], [14, 70], [15, 69], [16, 68], [17, 67], [18, 66], [19, 65], [21, 64], [22, 63], [23, 62], [24, 61], [25, 60], [26, 59], [27, 58], [30, 56], [32, 55], [33, 54], [34, 53], [39, 48], [40, 47], [41, 46]]"
tRNA_tdbR00000549-Tetrahymena_pyriformis-5908-Tyr-QUA,"[[1, 79], [2, 78], [3, 77], [4, 76], [5, 75], [6, 74], [7, 73], [12, 21], [13, 20], [14, 19], [26, 44], [27, 43], [28, 42], [29, 41], [30, 40], [31, 39], [46, 51], [56, 72], [57, 71], [58, 70], [59, 69], [60, 68]]"
RNaseP_PS31,"[[6, 371], [7, 370], [8, 369], [10, 368], [11, 367], [12, 366], [13, 365], [14, 364], [15, 200], [16, 199], [17, 198], [18, 197], [28, 196], [29, 195], [30, 194], [31, 193], [32, 48], [33, 47], [34, 46], [35, 45], [36, 44], [37, 43], [38, 42], [50, 67], [51, 66], [52, 65], [53, 64], [54, 63], [55, 62], [56, 61], [76, 189], [77, 188], [78, 185], [79, 184], [80, 183], [81, 182], [93, 131], [94, 130], [95, 127], [96, 126], [97, 125], [100, 124], [101, 123], [103, 121], [104, 120], [105, 119], [106, 118], [107, 117], [108, 116], [109, 115], [112, 202], [133, 283], [139, 157], [140, 156], [141, 155], [142, 154], [143, 153], [144, 152], [146, 150], [158, 180], [162, 175], [163, 174], [164, 173], [165, 172], [166, 171], [201, 221], [204, 218], [205, 217], [206, 216], [207, 215], [220, 245], [222, 243], [223, 242], [224, 241], [225, 240], [226, 239], [227, 238], [228, 237], [229, 236], [230, 235], [246, 256], [271, 363], [276, 280], [284, 301], [285, 300], [286, 299], [287, 298], [288, 297], [289, 296], [290, 295], [321, 355], [322, 354], [324, 352], [325, 351], [326, 350], [327, 349], [328, 348], [331, 344], [332, 343], [333, 342], [334, 341], [335, 340]]"
RNaseP_P.gingivalis,"[[1, 393], [2, 392], [3, 391], [4, 390], [5, 389], [6, 388], [7, 387], [8, 386], [9, 385], [11, 383], [12, 382], [20, 37], [21, 36], [22, 35], [23, 34], [24, 33], [25, 32], [26, 31], [44, 56], [45, 379], [47, 378], [48, 377], [49, 376], [50, 375], [51, 374], [61, 275], [62, 177], [63, 176], [64, 175], [65, 174], [66, 85], [69, 83], [70, 82], [71, 81], [72, 80], [73, 79], [74, 78], [87, 96], [88, 95], [89, 94], [97, 192], [102, 120], [103, 345], [104, 344], [105, 343], [106, 342], [107, 341], [121, 173], [125, 170], [126, 169], [127, 168], [128, 167], [129, 166], [130, 165], [131, 164], [134, 163], [136, 161], [137, 160], [139, 158], [140, 157], [141, 156], [142, 155], [143, 154], [144, 153], [145, 152], [146, 151], [147, 150], [182, 200], [183, 199], [184, 198], [185, 197], [186, 196], [187, 195], [189, 194], [193, 276], [203, 222], [204, 221], [205, 220], [206, 219], [207, 218], [208, 217], [209, 216], [210, 215], [230, 255], [231, 254], [235, 251], [240, 245], [246, 299], [247, 298], [248, 297], [249, 266], [250, 265], [253, 262], [257, 289], [258, 288], [259, 287], [260, 286], [261, 285], [264, 284], [267, 283], [269, 281], [270, 280], [271, 279], [272, 278], [273, 277], [302, 332], [303, 331], [310, 321], [311, 320], [312, 319], [313, 318], [322, 354], [323, 353], [324, 350], [325, 349], [326, 348], [327, 347], [346, 371], [351, 368], [352, 367]]"
grp1_a.I1.e.L.dispersa.UNK.SSU.114,"[[7, 163], [8, 162], [23, 124], [36, 71], [41, 66], [43, 64], [44, 63], [45, 62], [46, 61], [47, 60], [48, 59], [49, 58], [50, 57], [51, 56], [69, 131], [70, 130], [72, 128], [73, 81], [74, 80], [82, 92], [83, 91], [84, 89], [85, 88], [96, 114], [97, 113], [98, 112], [99, 111], [100, 110], [101, 109], [102, 108], [103, 107], [119, 168], [120, 167], [121, 166], [122, 165], [123, 164], [126, 161], [129, 160], [135, 156], [136, 155], [137, 154], [138, 153], [139, 152], [140, 151], [141, 150], [142, 149], [143, 148], [144, 147], [173, 192], [174, 191], [175, 190], [176, 189], [177, 188], [178, 187], [179, 186]]"
tmRNA_Azoa.spec._TRW-62928_1-378,"[[1, 374], [2, 373], [3, 372], [4, 371], [5, 370], [6, 369], [7, 368], [20, 347], [21, 346], [22, 345], [23, 344], [24, 343], [25, 342], [26, 341], [27, 340], [29, 337], [32, 333], [33, 332], [34, 330], [35, 329], [36, 328], [37, 327], [39, 325], [42, 324], [43, 323], [44, 322], [45, 321], [46, 320], [47, 319], [48, 318], [49, 66], [50, 65], [51, 64], [52, 63], [53, 62], [55, 79], [56, 78], [57, 77], [58, 76], [59, 90], [101, 113], [102, 112], [103, 111], [104, 110], [105, 109], [114, 133], [115, 132], [116, 131], [117, 130], [118, 129], [119, 128], [138, 190], [139, 189], [140, 188], [142, 161], [143, 160], [144, 159], [145, 158], [146, 157], [147, 273], [149, 271], [156, 272], [159, 269], [162, 186], [163, 185], [164, 184], [165, 183], [166, 182], [168, 181], [169, 180], [170, 179], [171, 178], [172, 177], [192, 210], [193, 209], [197, 205], [198, 204], [208, 245], [211, 259], [212, 258], [213, 257], [214, 238], [215, 237], [216, 236], [217, 235], [218, 234], [219, 233], [220, 232], [221, 231], [222, 230], [223, 229], [224, 228], [225, 227], [226, 247], [260, 265], [274, 314], [275, 313], [276, 312], [277, 311], [278, 310], [279, 309], [280, 308], [284, 303], [287, 301], [288, 299], [352, 367], [353, 366], [354, 365], [355, 363]]"
grp1_a.I1.e.S.paniceum.UNK.SSU.1506,"[[6, 10], [11, 24], [12, 23], [13, 22], [14, 21], [15, 19], [25, 43], [26, 42], [27, 40], [28, 39], [29, 38], [30, 203], [31, 202], [32, 201], [33, 200], [34, 199], [46, 65], [54, 59], [60, 90], [61, 89], [62, 88], [63, 87], [64, 86], [66, 85], [67, 84], [68, 83], [69, 82], [71, 79], [72, 81], [73, 80], [74, 154], [93, 105], [94, 104], [107, 131], [108, 130], [109, 129], [110, 128], [114, 125], [115, 124], [116, 123], [135, 148], [136, 147], [137, 146], [140, 170], [141, 169], [142, 168], [143, 167], [144, 166], [145, 165], [149, 161], [197, 255], [198, 254], [204, 208], [219, 240], [220, 239], [221, 238], [222, 237], [223, 236], [224, 235], [227, 232], [241, 248]]"
tRNA_tdbR00000184-Asterias_amurensis-7602-Lys-CUU,"[[1, 72], [2, 71], [3, 70], [4, 69], [5, 68], [6, 67], [7, 66], [8, 65], [10, 25], [11, 24], [12, 23], [13, 22]]"
